customer_id,first_name,last_name,email,phone,address,city,state,zip_code,country,created_at
1,Raymond,Hill,karenhughes@diaz.info,+1-835-268-9377x84878,"234 Johnston Divide Apt. 715, Delacruzville, NE 70466",Scottmouth,Texas,84938,Turkmenistan,2020-06-30
2,Tina,English,devin14@hotmail.com,3567537230,"0156 Graham Rest, Terryport, DC 66578",West Lisafurt,South Dakota,44932,New Caledonia,2020-01-02
3,Kristi,Warren,jameswhite@taylor.com,(088)001-7955,"21603 Regina Villages, South Michelle, NY 17131",Millershire,Alaska,93669,Niue,2021-01-22
4,Katelyn,Arias,todd55@ferguson.com,001-985-964-6450,"7570 Theresa Wall Apt. 905, Richardfurt, ID 94476",East Joseph,Kansas,80672,Switzerland,2020-07-23
5,Shannon,Bruce,zmoore@carpenter-santiago.net,(423)640-8092,"69683 Escobar Vista, New Monique, FL 86545",Port Lisa,Vermont,79646,Malta,2021-01-05
6,Caitlin,Stevens,eruiz@hotmail.com,001-520-299-1457x776,"46953 Karen Plains Apt. 673, Port Amy, DC 01892",Patrickmouth,New York,68198,Malawi,2021-10-04
7,Jennifer,Nichols,nicholas36@sanchez-woodard.com,095-576-9894,"3417 Perry Ports, Kristintown, IA 11461",Maxwellfort,Kansas,45812,Antarctica (the territory South of 60 deg S),2023-11-25
8,Nicole,Lee,sullivanricky@gomez.com,(535)901-0498,"Unit 7980 Box 2786, DPO AA 26179",Victoriatown,Montana,71142,Isle of Man,2024-01-13
9,Erica,Smith,yangelizabeth@henderson-kelly.biz,(412)168-0360x868,"3757 Reyes Heights Suite 075, West Kyle, VA 33153",Arthurshire,South Dakota,56856,Ghana,2024-03-21
10,Holly,Peterson,bhernandez@reed.info,547-585-1882,"6486 Kathleen Lights, West Ashley, IA 28708",Rodrigueztown,Wyoming,54578,Bouvet Island (Bouvetoya),2022-06-20
11,Courtney,Singh,yrobertson@yang-powell.com,0252505216,"515 Angela Estate Suite 329, Lindachester, NY 71102",Hesterton,New Jersey,04414,Bahrain,2021-01-07
12,Autumn,Sanford,woodsheidi@garcia.info,001-787-381-3055x330,"388 Kelly Summit, Fowlermouth, VT 24584",Perryberg,North Dakota,64115,Italy,2022-05-29
13,Lori,Barker,qvaldez@smith-hopkins.com,(233)748-1853,"00530 Martha Point, North Gwendolyntown, WY 02267",Lake Davidmouth,Texas,74794,Georgia,2019-12-09
14,Jessica,Kaiser,kellyjohnson@hardy.net,354.314.8420x0153,"051 Anderson Isle Apt. 689, East Chloeton, ME 34184",North Kenneth,Rhode Island,39702,Bahamas,2023-07-08
15,Alison,Benson,olee@yahoo.com,(914)203-1695x01662,"7244 Robert Track, Lake Wendy, VA 73035",Georgeview,New Hampshire,46299,Aruba,2024-08-22
16,Carolyn,Blevins,brandonorozco@yahoo.com,900-987-4857,"7069 Parks Expressway Suite 030, East Kevinton, AL 93820",New Josephstad,Nevada,90129,Samoa,2020-02-23
17,Jeremy,Jones,nathaniel62@yahoo.com,001-549-867-6980x0086,"57218 Michael Plains Apt. 461, Port Dalton, NE 27403",Lake Shannon,Washington,23707,Indonesia,2024-03-03
18,Mark,Nguyen,davisronald@edwards.com,474-765-8365,"78237 Sullivan Shore Apt. 840, Kirstenland, GA 32276",South Anthony,Michigan,10880,Egypt,2024-05-20
19,Holly,Smith,james28@yahoo.com,131-005-2550x265,"72125 Norris Cove, Fitzgeraldville, AK 09819",Stanleybury,Idaho,56436,Rwanda,2024-08-12
20,Larry,Williams,john59@graham-haney.com,001-914-534-0512x90319,"542 Meghan Island, South Susan, MI 28777",West Christopher,Nebraska,29121,Ireland,2021-08-29
21,Rodney,Mckinney,stacycummings@hotmail.com,(704)454-4866,"178 Christopher Fork Apt. 038, Crawfordfurt, PA 30797",Kingfort,Colorado,37312,Vanuatu,2022-05-02
22,Kirsten,Herman,rachelnolan@murphy.com,659-806-6526,"5166 Smith Stravenue Apt. 918, Rayport, NE 10736",Scottside,Oklahoma,11675,Sudan,2022-09-13
23,Theodore,Munoz,jamesadams@sparks.com,2224597046,"7822 Cameron Expressway Apt. 208, West Cindy, SD 72957",North Angela,Mississippi,59826,Lebanon,2021-08-03
24,Rachel,Kelly,wstrickland@johnson.biz,+1-299-513-4909x2060,"3627 Davis Forge, New Cindy, OR 48825",South Timothy,South Dakota,02899,Palestinian Territory,2022-11-23
25,Andrew,Bell,nicholas14@wade.com,+1-973-728-3489x9136,"2488 Davis Meadow, Erikbury, ND 43098",Beverlyburgh,New York,85219,Saint Pierre and Miquelon,2020-08-29
26,Kayla,Moody,brownjessica@ellis.com,+1-027-864-7923x9994,"796 Ramirez Fall, Wallacestad, NE 42858",New Teresaville,Connecticut,59838,Finland,2019-09-03
27,Brent,Smith,pfrench@hotmail.com,456-224-3331x965,"277 Ruben Throughway, New Kathleenside, IN 76946",Michaelborough,Oregon,35500,Cook Islands,2020-01-04
28,Joseph,Lawrence,denisegrant@turner-jackson.com,179-589-8389x4882,"287 Crawford Parkways, Joshuaborough, GA 46740",Rachaelfort,Washington,46726,Grenada,2024-07-15
29,Vincent,Ballard,villanuevarobert@logan-scott.biz,473-944-3527,"81103 Austin Drive, Toddborough, MO 56234",Robbinsport,Hawaii,17407,Guam,2020-01-23
30,Ryan,Fisher,joshua21@scott.com,001-199-828-6666,"04012 Morton Ford Suite 230, Port Mariaborough, CO 99127",Walkershire,Ohio,47781,Hungary,2023-06-30
31,Brittney,Pacheco,xbautista@yahoo.com,+1-417-162-7092,"PSC 1471, Box 8287, APO AP 09492",New Patty,Kansas,40265,Iran,2023-05-08
32,Francisco,Fox,avilamanuel@yahoo.com,6605063082,"3435 Melissa Glens, Millerchester, ME 01600",Noahview,Oklahoma,50316,Botswana,2022-06-17
33,Michael,Johnson,lawrencepatrick@davidson.com,942-600-5391x9507,"82402 Hamilton Rapid, Brittanyburgh, NE 77647",South Kathleenport,Virginia,81550,Morocco,2024-05-29
34,John,Williams,cgarcia@fitzgerald-lewis.com,(665)890-1320,"932 George Track, West Leonardburgh, WI 91404",Lake Kevinfurt,Mississippi,99695,Saint Lucia,2022-05-29
35,Michael,Williams,jamesclark@cobb.biz,803-883-7435x90835,"7944 Taylor Lake Suite 948, Port Jennifermouth, PA 06931",Samuelshire,West Virginia,87045,Kuwait,2023-06-22
36,Michael,Winters,susan32@gmail.com,315-649-0083x47903,"3563 Thomas Rapid, East Kirkfort, HI 47303",Lake Teresa,New Mexico,22367,Togo,2022-09-18
37,Donald,Walker,brandon77@gmail.com,001-118-522-2434x19125,"2122 Crystal Avenue, Danielfurt, PA 11388",Arnoldburgh,Wyoming,76068,Martinique,2019-11-25
38,Kaitlyn,Harris,mccoygina@fox-wilson.net,4101205399,"3562 Kelly Center Apt. 435, Millerbury, NC 84259",East Maxwellborough,North Carolina,30330,Hong Kong,2020-05-31
39,Lisa,Garcia,christopher28@thomas.com,9741792449,"12794 Gutierrez Extensions Suite 419, Jonathanland, HI 07675",Davisfort,New Mexico,53123,Paraguay,2020-01-03
40,James,Adams,jonathanlambert@rivera-todd.net,904.615.0529x8832,"7354 Beltran Spring Apt. 789, Doughertyburgh, NM 69177",Allenmouth,Ohio,33207,Marshall Islands,2022-12-10
41,Dakota,Ali,megan86@hotmail.com,036.518.9105,"003 Patricia Light, Petersenville, VT 56085",Lake Laurie,Delaware,34250,Bouvet Island (Bouvetoya),2024-05-14
42,David,Thomas,michaelawright@yahoo.com,001-337-547-3458,"57767 Boone Drive Apt. 683, Erikaborough, NV 59406",Rosemouth,Minnesota,90816,Guinea,2023-11-10
43,Julia,Guerra,nathan92@yahoo.com,001-793-189-4521x1591,"837 Jackson Estates Apt. 713, Lynchport, NV 92354",East Dennistown,Massachusetts,23677,Belarus,2023-06-21
44,Jordan,Thomas,davisdaniel@moreno-allison.com,745-161-4376x2821,"641 Michael Overpass, West Jacksonberg, NY 80529",West Christopherburgh,Montana,83414,Kazakhstan,2022-12-24
45,Cheryl,Short,oliverkevin@yahoo.com,808-426-5474,"290 Allison Estate, East Jessicamouth, NC 48507",Port Thomaston,Vermont,44522,Nigeria,2020-10-26
46,John,Hicks,thomas31@yahoo.com,1213085850,"99409 Garcia Plains, Penaton, HI 78688",Dannyport,Pennsylvania,23445,Cote d'Ivoire,2020-11-23
47,Zachary,Flores,andrew45@woods.com,+1-702-972-9685,"1402 Wallace Drive, Port Rebeccaburgh, AZ 24456",South Teresa,Colorado,51830,Ukraine,2023-06-12
48,Tammy,Moody,garciacolleen@hotmail.com,(488)180-5056x79375,"8053 Davenport Wall, South Victormouth, RI 55225",New Tamarastad,New York,22928,Saudi Arabia,2020-04-04
49,Pamela,Smith,ryanblack@gmail.com,4566142253,"845 Robin Pines, Thomasfort, PA 15874",West Yeseniatown,Hawaii,04282,Honduras,2021-03-01
50,James,Calderon,alicia58@jackson.com,001-517-976-4321x0156,"93673 Jeremy Way Suite 610, Veronicaville, TN 10839",Parkerview,Georgia,42367,Latvia,2020-08-12
51,Sophia,Benitez,adamyoung@yoder.net,001-131-654-7546,"5303 Barber Row Apt. 538, Lake Connieside, RI 67793",New Michael,Iowa,01368,Vanuatu,2020-10-30
52,Alejandro,Spencer,mcfarlandcourtney@evans.com,001-227-143-8500,"072 Lucero Inlet Apt. 318, Nunezside, GA 65620",New Sarah,Oklahoma,52782,Azerbaijan,2020-09-30
53,Travis,French,matthewduarte@yahoo.com,+1-140-262-3084x62775,"07606 Murphy Green Apt. 149, Port William, RI 82897",South Jamie,Utah,80029,Montserrat,2020-04-14
54,Blake,Phillips,ashleyortega@elliott.net,378.711.4014,"7920 Regina Junctions, New Amandaton, NC 13204",Beckerside,Washington,56314,Cote d'Ivoire,2021-10-18
55,Luke,Salas,sstephenson@schneider-pham.com,001-091-244-2340,"40414 Tran Fort, South Christopher, OH 10539",East Johnberg,Alaska,62039,French Guiana,2023-11-09
56,Jeremy,Torres,richard64@hotmail.com,+1-353-156-0716,"661 Scott Turnpike, East Aliciamouth, NJ 39231",New Barbara,Florida,21655,Mayotte,2021-09-08
57,William,Bass,mdavis@jones-thomas.com,6557649488,"42515 Patrick Wells, North David, ME 79674",Sandrahaven,Ohio,06818,Togo,2020-08-24
58,Cory,Parrish,zwashington@hotmail.com,001-668-877-9779x93713,"06659 James Greens Suite 209, Chelseybury, AZ 89101",Port Josephfurt,California,08640,Cote d'Ivoire,2023-11-18
59,Charlene,Williams,terrimiller@gmail.com,(407)231-7462,"1241 Bailey Extension, South Jasonburgh, SC 77943",Lake Jeffrey,Alaska,53814,Liechtenstein,2019-12-22
60,Brenda,Jordan,olivermark@holmes-walton.info,(030)248-8083x549,"929 Emily Mews Apt. 420, Jacksonhaven, ND 44451",Port Mollyfurt,Missouri,14937,Bahamas,2020-05-31
61,Rachel,Fletcher,valerierichards@hotmail.com,044.383.0637,"9120 Martinez Forges, South Scotthaven, ID 62984",Jessicamouth,Kentucky,22165,Greece,2022-11-28
62,Joseph,Foster,abigailleonard@gmail.com,3513815340,"7346 Dawson Pine, West Thomasborough, WI 58466",South Ashley,Vermont,86354,India,2023-05-11
63,Lindsey,Mueller,williamsronald@gmail.com,671-160-6691x5087,"Unit 3719 Box 6873, DPO AE 91649",East Markstad,Illinois,05731,Oman,2020-05-19
64,Rachel,Walker,wbishop@taylor.com,(905)263-7973x19855,"7276 Samuel Rapids Suite 197, Richardport, MD 56566",East Carlos,Iowa,96828,Tunisia,2020-03-29
65,Peggy,Church,joshuawhite@short.com,033.780.4577x95864,"375 Hernandez Garden Apt. 338, Lake James, GA 62492",South Daleburgh,Utah,91194,Togo,2019-09-14
66,Ashley,Torres,alexa68@taylor.com,001-759-650-6810x124,"421 Keller Forge Suite 849, Meghanville, WI 75986",New Cynthia,Nebraska,36179,Nauru,2020-07-27
67,Emily,Gray,snelson@gmail.com,579.137.0505x7486,"7896 Charles Squares, West Christinaville, CO 95508",East Waynechester,Pennsylvania,17000,Yemen,2022-08-26
68,Cynthia,Meyers,kimberly91@barry.org,(410)280-3761,"91239 Olivia Turnpike, Patelmouth, SD 76817",Yangfurt,Illinois,57460,Hungary,2024-02-20
69,David,George,andersonstephanie@gmail.com,+1-941-585-7972x2428,"829 Hernandez Rapids Apt. 580, East Natalie, IA 72053",Wadefurt,New York,55145,Turkmenistan,2023-05-02
70,Justin,Steele,hesterstacy@gmail.com,(401)590-0646x221,"646 Dawn Extensions, Port Robert, NH 53213",Peterburgh,Delaware,42557,French Polynesia,2020-07-16
71,Heather,Brown,dawnblackwell@washington-phillips.com,629-071-6621,"07844 William Mission, East Aaronbury, UT 09153",East Rebekahberg,Alabama,52601,Nauru,2022-10-12
72,Kevin,King,averyemily@yahoo.com,7634249012,"649 Lester Manors, East Jennifer, DC 48812",Janicefort,Wisconsin,23252,Chile,2023-08-30
73,Wendy,Larson,bjones@dunn.com,001-427-964-7370,"6110 Cole Underpass Suite 087, West Daniellefurt, ME 94924",South Daniel,New Jersey,83285,Malta,2021-06-21
74,Charles,Martin,curtis63@andersen-ryan.biz,001-304-845-2390x1549,"2344 Hicks Radial Apt. 523, Walkerborough, RI 39874",Woodwardview,Washington,83863,Tunisia,2022-02-12
75,Christine,Black,robertcampbell@larson.com,1010113964,"926 Wendy Road, Saraborough, NC 83664",Heatherbury,Washington,90293,Switzerland,2020-04-04
76,Thomas,Knox,collinslisa@hotmail.com,623-286-2284x5001,"17895 Nicole Shores Suite 915, Samanthahaven, UT 91699",Woodstown,West Virginia,52601,Kenya,2021-04-28
77,Jason,Kaufman,meganlee@cooley.biz,1227523793,"739 Garcia Landing, East Christopherchester, IL 63578",Thompsonbury,Illinois,61451,Angola,2022-05-05
78,Brandon,Wilson,johnsoncolleen@dyer.net,279-734-7209x901,"16370 Lynch Falls, Lake Tabithahaven, TN 34102",Cochranberg,Pennsylvania,46577,Sierra Leone,2022-07-08
79,Jeffrey,Perez,william10@hotmail.com,744-025-3850x281,"1375 Hanson Avenue, Hillborough, AK 21067",Vazquezville,Ohio,37962,Jordan,2024-01-24
80,Adam,Morgan,elliottjennifer@torres.com,001-095-922-2281x378,"93968 Anderson Court, East Johnnymouth, UT 66975",New Douglasview,Kansas,05550,Palau,2021-03-10
81,Kathleen,Howe,diane30@hotmail.com,001-796-265-9558x18241,"6895 Amy Pike, Freemanside, FL 78664",Powellside,New Mexico,08098,Paraguay,2023-04-09
82,James,Freeman,thomasjoseph@hotmail.com,660.872.8678x661,"8576 Gonzales Pines, Morganton, RI 48868",Maldonadobury,Arizona,64326,Guam,2020-05-15
83,Ashley,Kerr,hornealexis@gmail.com,(404)921-3276x79728,"6394 Leonard Stream, South Shawnchester, PA 76894",Port Brendafort,Massachusetts,77907,Iran,2020-08-18
84,Mario,Cardenas,efreeman@hotmail.com,(647)220-1351x607,"PSC 8452, Box 8069, APO AE 33957",Patriciabury,Maryland,02513,Angola,2024-04-18
85,John,Patel,jonescourtney@strong.com,108-786-5874x950,"6543 Audrey Mall Suite 565, Lake Bettybury, SD 52215",Sanchezchester,Wisconsin,39703,Belarus,2023-07-12
86,Matthew,Carey,clintonwilliams@yahoo.com,+1-272-992-5104x98964,"Unit 0862 Box 7965, DPO AA 83068",Woodsfort,New York,01911,Palestinian Territory,2024-06-20
87,Megan,Jensen,leerichard@harmon.com,4345638827,"096 Jonathan Circle Apt. 311, Phillipport, GA 86381",Lake Brian,New Mexico,79524,Nepal,2021-01-19
88,Anthony,Ortega,antonio80@vaughn-leon.info,183-656-7155x5565,"PSC 9585, Box 8642, APO AA 77885",Warrenmouth,Vermont,03666,Gambia,2022-02-25
89,Stephanie,Bolton,zachary81@johnson.com,182.339.1262x21569,"40674 Scott Walks Apt. 502, Sharontown, NC 67022",North Andrewshire,Tennessee,55534,Reunion,2023-11-30
90,Claire,Gross,ehunter@hernandez.biz,001-299-912-2574x41334,"282 Cortez Stream, Danieltown, WA 95445",Lake Alexandra,Massachusetts,01294,Croatia,2021-06-10
91,Melanie,Taylor,wallacevanessa@deleon.com,001-393-592-0980x0292,"66085 Johnathan Key Suite 553, Kelleyton, TN 16341",Christinechester,New Hampshire,87618,Burundi,2024-01-27
92,Tabitha,Gregory,cookjackie@yahoo.com,358-774-9340,"073 Sarah Flat Suite 233, North Joseph, FL 84320",Jenniferside,Minnesota,09282,Guatemala,2022-01-25
93,Rebecca,Cohen,lindseyjohn@wagner.biz,870.957.9902,"Unit 9346 Box 1137, DPO AP 25133",New Anna,Utah,63935,Papua New Guinea,2023-03-30
94,Michelle,Fitzgerald,steinjacob@forbes-miller.net,736.331.5699x73561,"6153 Dillon Circle Apt. 419, New David, VT 56158",West Jeremyfurt,Iowa,29845,Solomon Islands,2024-08-18
95,Heather,Strong,smithkristie@smith-mcmahon.com,(766)038-5445x75079,"674 April Road, West Jessicashire, AR 05135",North Bailey,Virginia,35607,Trinidad and Tobago,2021-10-05
96,Nicholas,Stokes,anita20@gmail.com,001-944-951-4782x9124,"44333 Alvarez Lock, Fitzgeraldborough, OR 85121",Riverafort,Kentucky,37745,Timor-Leste,2023-04-25
97,Joseph,White,skinnervalerie@hotmail.com,3833668357,"USNS Dixon, FPO AA 67989",North Jasonmouth,Kentucky,96051,Paraguay,2021-10-28
98,Kelly,Murphy,scotttaylor@gmail.com,747-484-4466x734,"65199 Leslie Extensions Suite 875, South Brooke, IN 82112",Garciashire,Pennsylvania,20183,Fiji,2022-08-19
99,Amber,Ward,sotodonna@gmail.com,906-273-7548x975,"0047 Christina Junction, Lake James, AL 87099",North Jennifertown,Ohio,52743,Cyprus,2023-11-13
100,Keith,Hess,robertromero@weber.com,+1-682-311-7844,"USS Decker, FPO AE 79219",East Jared,Alaska,49480,Venezuela,2019-11-09
