order_id,customer_id,order_date,status,shipped_date,shipping_address
1,90,2020-04-26,Pending,,"6935 Cole Forge Suite 101, Christiantown, MS 41579"
2,13,2022-06-08,Pending,2023-07-01,"Unit 7476 Box 8875, DPO AA 35987"
3,99,2021-03-12,Cancelled,2024-02-26,"20068 Lyons Heights Apt. 557, West Michael, KY 40229"
4,49,2021-08-05,Pending,,"37857 Vega Vista, Martinview, AR 69180"
5,3,2022-06-27,Pending,2024-04-02,"USNS Hernandez, FPO AE 94326"
6,96,2022-04-07,Pending,,"0648 Katherine Meadows, New Jasonshire, PA 73101"
7,28,2021-03-18,Cancelled,,"529 Elizabeth Estates, Bobbyside, MI 09275"
8,31,2023-07-16,Pending,,"06186 Jillian Loaf Apt. 012, West Patrick, HI 44504"
9,88,2021-07-23,Cancelled,2019-12-31,"01221 Morris Turnpike, South Linda, NJ 03921"
10,69,2022-08-19,Cancelled,2022-08-01,"PSC 8888, Box 5867, APO AA 64245"
11,30,2023-05-25,Shipped,2022-07-11,"050 Timothy Station, Lake Richardtown, TN 65948"
12,57,2020-04-27,Cancelled,2020-10-16,"582 Smith Walks Suite 044, East Philipstad, UT 26618"
13,7,2020-03-24,Cancelled,,"91581 James Greens, Langland, WV 60505"
14,32,2023-09-28,Shipped,,"33408 Frazier Courts Apt. 574, North Troytown, AL 10462"
15,33,2024-02-01,Pending,,"261 Mark Trail, North Connorburgh, VT 33990"
16,75,2021-10-11,Cancelled,2020-05-17,"51450 Roy Village Apt. 666, East Charlesbury, DC 73428"
17,78,2024-08-17,Shipped,,"188 Davis Island, Willisside, SC 74971"
18,32,2021-01-11,Cancelled,,"072 Scott Club, Ryanburgh, VA 70571"
19,69,2024-07-10,Cancelled,,"6308 Hughes Plains, North Frances, MN 31356"
20,90,2023-07-06,Pending,2020-07-28,"35664 Martin Fords, Audreybury, CA 81356"
21,84,2024-05-21,Shipped,,"PSC 1431, Box 4580, APO AA 05510"
22,19,2024-05-29,Cancelled,2021-08-30,"389 David Cliff, Port Jacobmouth, IL 67556"
23,76,2024-06-13,Shipped,2023-07-16,"4015 Dunn Mountains Suite 861, New Alfred, WY 20839"
24,49,2022-02-02,Cancelled,2021-04-22,"4322 Billy Shoals, West Nicholaschester, CA 67663"
25,96,2020-04-12,Pending,,"802 Mann Coves, New Mia, AZ 26831"
26,97,2021-11-12,Shipped,2020-10-01,"Unit 1008 Box 6303, DPO AP 58707"
27,57,2023-05-14,Cancelled,2019-11-16,"119 Julie Springs Apt. 437, Davistown, TX 26233"
28,75,2023-02-02,Shipped,2023-09-26,"399 Hart Pine Suite 960, Port Amy, MO 38293"
29,61,2020-06-09,Shipped,,"160 Mullins Brooks, Heiditon, MT 72112"
30,50,2021-07-02,Shipped,,"Unit 2063 Box 2721, DPO AP 75320"
31,47,2023-08-25,Cancelled,,"676 John Turnpike, Lake Morgan, SC 55447"
32,94,2024-01-25,Pending,2022-01-28,"738 Veronica Garden Suite 009, Coleside, DC 40009"
33,50,2020-10-02,Pending,,"7481 Traci Creek, West Todd, HI 81682"
34,4,2021-11-07,Shipped,2019-09-24,"036 Jones Neck, South Brendanmouth, DC 32698"
35,65,2023-02-03,Pending,,"843 Phelps Ridge Suite 504, Port Hollyfort, NJ 02923"
36,64,2022-12-25,Cancelled,,"70637 Sheri Lodge Suite 245, North Melissafort, WA 77335"
37,8,2020-01-05,Shipped,2021-11-02,"29932 Fry Springs, Kathrynberg, VT 59693"
38,43,2024-03-23,Pending,2022-02-13,"926 Flores Run, Howellfort, IL 60275"
39,75,2022-06-25,Shipped,,"44916 Jeanette Hill, South Todd, AZ 13126"
40,6,2023-11-13,Cancelled,,"25450 Paul Unions Suite 441, Lake Danielview, LA 61217"
41,39,2023-07-10,Cancelled,2022-12-22,"PSC 9906, Box 7357, APO AE 85441"
42,49,2020-01-24,Shipped,,"51118 Wilson Islands, South Amanda, ND 01450"
43,89,2023-02-18,Pending,,"119 William Course, South Joe, GA 16868"
44,26,2022-02-11,Pending,,"594 Moreno Throughway Suite 669, West Justinview, NJ 83379"
45,57,2022-11-04,Cancelled,,"PSC 6997, Box 0529, APO AA 71897"
46,78,2022-06-14,Shipped,,"43392 Hernandez Extension Suite 089, West Susanhaven, FL 51162"
47,38,2020-08-17,Shipped,,"35156 Love Club Suite 536, West Marcuschester, NY 38666"
48,20,2019-09-15,Pending,2021-03-03,"124 Fisher Groves Apt. 297, West Suzannestad, IA 37412"
49,48,2021-05-05,Pending,,"419 Wilson Motorway Apt. 952, North Melissabury, KY 12979"
50,25,2023-02-11,Shipped,2021-06-28,"77772 Morales Loop Apt. 531, Adamsland, ME 30113"
51,92,2022-01-30,Cancelled,,"60058 Ho Route, North Heidi, IA 75776"
52,80,2022-12-19,Shipped,2022-01-16,"2139 Kurt Heights, West Scottport, CO 45047"
53,12,2024-06-04,Pending,,"PSC 4776, Box 7710, APO AP 00772"
54,81,2022-02-18,Shipped,2023-03-26,"42407 Clark Harbors, East Adam, FL 04642"
55,41,2023-12-25,Cancelled,,"97394 Jones Square, South Kevin, WA 11977"
56,20,2022-09-01,Pending,,"277 Moore Islands, Lake Brucechester, NC 91216"
57,86,2024-04-23,Pending,,"61212 Young Causeway, New Kristine, NM 98736"
58,76,2019-10-01,Cancelled,,"832 Brown Springs, North Andrewmouth, LA 05475"
59,83,2020-03-28,Cancelled,2022-07-19,"352 Smith Forks, New Emily, FL 83746"
60,19,2020-05-08,Cancelled,2023-08-09,"42103 William Inlet Suite 563, Ramoschester, NM 74077"
61,94,2021-01-10,Cancelled,2024-04-21,"USNS Stanley, FPO AP 10942"
62,73,2022-07-21,Shipped,,"408 Laura Ports, Patrickside, UT 17572"
63,51,2019-11-09,Pending,2019-09-05,"5021 Wood Shores, Lake Lacey, LA 02240"
64,49,2023-04-22,Cancelled,2020-07-16,"93706 Taylor River, South Annaville, IA 76598"
65,63,2021-11-13,Cancelled,,"USNV Hopkins, FPO AA 21466"
66,18,2021-06-19,Shipped,2021-12-14,"995 Robert Ridges, Simonshire, SC 89138"
67,84,2021-08-20,Shipped,2021-10-01,"363 Jean Overpass Suite 993, West Christophermouth, OR 24911"
68,13,2021-10-06,Pending,2023-02-27,"389 Jason Islands, Fryeside, VA 83883"
69,81,2022-12-07,Cancelled,2021-07-12,"123 Hill Pike, Adrienneborough, UT 22278"
70,9,2021-08-25,Pending,2022-05-28,"6106 Crane Curve, Lake Markland, MA 25181"
71,92,2021-06-06,Cancelled,,"98334 Tyler Park, New Ericbury, AR 55355"
72,23,2021-02-21,Shipped,2020-02-12,"0902 Eric Bridge Suite 833, Brownborough, WI 35233"
73,67,2022-08-09,Shipped,2020-01-27,"8353 Jeremy Loop Suite 052, Danielville, NE 84014"
74,93,2021-03-15,Cancelled,,"6176 Bobby Shore Suite 123, Jesseland, MT 43736"
75,68,2022-10-10,Cancelled,2023-04-08,"9120 Kimberly Orchard, Amberside, NY 50289"
76,54,2024-08-01,Pending,2020-01-18,"25271 Rebecca Forge, New Gregory, IA 59744"
77,99,2023-12-24,Cancelled,,"771 Felicia Walk Apt. 357, Sarahstad, WY 98847"
78,15,2021-03-24,Cancelled,,"888 Denise Corner, Farleymouth, NM 23088"
79,8,2020-12-21,Pending,,"521 Sarah Drive Suite 152, North Mariebury, GA 47038"
80,60,2024-04-22,Pending,2020-05-15,"9797 Susan Greens, North Jennifer, NE 38187"
81,96,2021-10-25,Shipped,,"574 Dawson Mission Apt. 162, East Cherylborough, NC 58513"
82,71,2021-07-08,Pending,,"861 Martin Plaza, Port Lindseyton, RI 27532"
83,97,2024-05-22,Cancelled,,"405 Linda Via, South Holly, NC 88684"
84,24,2022-03-09,Shipped,2022-12-03,"71211 Johnson Mountain Suite 482, Obrienburgh, UT 99453"
85,2,2024-02-14,Cancelled,2019-11-22,"46764 Cory Camp Suite 217, North Markfort, ME 95868"
86,25,2022-05-12,Shipped,2020-05-20,"2794 Wyatt Centers Apt. 281, Sullivanchester, NE 10819"
87,77,2024-07-07,Cancelled,,"6883 Olsen Mount, West Stevenview, MN 89420"
88,12,2019-12-06,Pending,,"Unit 0709 Box 4957, DPO AA 76030"
89,12,2021-10-14,Shipped,,"95307 Rogers Club, North Brettport, OH 08338"
90,94,2021-09-08,Shipped,,"96207 Davis Coves Apt. 456, Antonioside, PA 30863"
91,84,2023-02-18,Pending,,"572 Rice Wells Suite 418, Anthonymouth, DE 41417"
92,5,2019-12-30,Cancelled,,"60085 Diane Heights Apt. 330, East Jason, AR 79272"
93,37,2022-03-04,Cancelled,2024-02-06,"62438 Joshua Route Suite 347, Lake Brittanyburgh, OK 29201"
94,6,2022-02-20,Pending,2021-05-03,"34986 Beard Dam, Lake Davidfort, AZ 31950"
95,55,2022-01-04,Shipped,,"246 Turner Freeway Suite 889, Lake Kimberlyport, OK 30815"
96,85,2022-06-11,Shipped,2021-01-07,"263 James Drive, Bridgeston, CO 70182"
97,99,2022-05-20,Cancelled,2021-04-18,"43818 Melissa Haven Suite 689, Sethton, TN 26250"
98,1,2023-11-13,Pending,,"228 Yvonne Trail, North Jessica, KY 78429"
99,1,2020-06-20,Cancelled,2022-02-03,"7258 Miller Green, Klinechester, ME 90225"
100,17,2024-03-30,Cancelled,,"000 Carter Stravenue, Davishaven, MD 58365"
101,33,2019-11-08,Pending,2022-05-05,"7397 Jeffery Stream, Walterschester, IN 55074"
102,65,2021-08-28,Pending,2020-05-28,"91359 Bradley Path Apt. 282, Veronicachester, TN 10263"
103,32,2020-05-04,Shipped,2021-04-08,"67181 Patrick Drives, Markberg, PA 32469"
104,90,2020-01-06,Cancelled,,"265 Joseph Springs, Dianaville, CT 82375"
105,41,2021-10-01,Cancelled,2023-07-27,"05844 Romero Pine Apt. 937, Reynoldschester, WI 24860"
106,33,2022-02-17,Pending,2019-11-24,"25244 Murphy Manor Suite 538, Mayfurt, DE 06261"
107,33,2020-12-22,Cancelled,,"2640 Deanna Estate, West Emily, NE 26775"
108,42,2022-10-25,Shipped,,"83777 Jones Plaza, Whiteberg, AL 36420"
109,3,2020-03-08,Pending,2021-07-09,"08403 Kristi Island, Sanchezside, KS 98954"
110,82,2023-10-17,Cancelled,2020-05-17,"05517 Young Glens, Nicholasview, VT 77315"
111,70,2022-08-23,Pending,2022-12-05,"2581 Livingston View, New Veronica, CA 02667"
112,44,2020-06-10,Cancelled,,"943 Tara Road, West Loritown, AK 59125"
113,5,2022-07-15,Pending,2023-02-10,"711 Johnston View Apt. 282, New Chadhaven, ME 08552"
114,16,2024-01-19,Cancelled,2021-04-09,"1352 Moore Junctions, West Ashley, DE 55728"
115,28,2023-04-02,Shipped,,"1301 Rebecca Circles Suite 962, Laurenland, TN 26997"
116,11,2021-01-31,Shipped,,"437 Sara Shoal, Evansbury, OH 83483"
117,83,2024-05-21,Pending,,"4047 John Ways Suite 403, Wolffurt, GA 76636"
118,93,2022-09-22,Shipped,2024-04-20,"89812 Rachel Rest, Erinborough, TX 12654"
119,51,2021-10-01,Pending,,"9863 Reyes Center Suite 340, Tylerfort, DC 98973"
120,16,2021-12-04,Shipped,2020-02-06,"Unit 6521 Box 4374, DPO AA 41619"
121,66,2022-12-08,Shipped,2021-07-01,"9283 Arroyo Forest, East Mike, AL 58693"
122,100,2024-03-02,Pending,2021-05-14,"6486 Turner Lakes, Kathrynmouth, NC 39024"
123,18,2023-11-28,Shipped,2023-08-01,"86589 Novak Stravenue Suite 483, Abbottbury, DE 19095"
124,56,2020-12-27,Cancelled,,"5723 Anita Pine, Blankenshipstad, HI 04497"
125,54,2022-09-27,Cancelled,2021-08-18,"9893 Jordan Trace Suite 311, Calvinview, IA 44155"
126,36,2022-12-14,Cancelled,,"PSC 3570, Box 0889, APO AA 83454"
127,98,2022-10-24,Cancelled,,"9528 Richard Plains Suite 617, Shermanhaven, MD 04505"
128,59,2023-06-26,Pending,,"37891 Alexander Islands, Lake Erika, WA 44352"
129,33,2019-10-22,Pending,2024-04-29,"75122 Kristen Ville Apt. 804, Suttonhaven, SC 12298"
130,90,2023-10-15,Shipped,2023-11-24,"33781 Holder Plaza, Port Elizabeth, VA 58803"
131,50,2021-03-06,Shipped,,"1156 Amanda Lakes, New Heatherchester, CA 36524"
132,7,2023-11-08,Shipped,,"42590 Jonathan Ramp, Marshallland, PA 89445"
133,17,2020-03-19,Shipped,2022-04-13,"51668 Morris Square, Karenshire, NY 48558"
134,96,2020-01-20,Cancelled,,"0103 Gomez Motorway, New Ana, TN 80775"
135,32,2019-12-30,Pending,2021-04-17,"865 Walker Place, Beckerstad, NM 32784"
136,78,2023-03-08,Pending,,"39126 Phillips Avenue, Manningville, WY 32186"
137,94,2022-08-19,Shipped,,"120 Stephanie Spring Apt. 403, North Dorisside, WA 44609"
138,11,2022-12-23,Pending,2021-08-24,"Unit 6508 Box 3486, DPO AA 57625"
139,55,2023-01-15,Shipped,2023-12-04,"5382 Silva Brook, Jessicafort, WI 51934"
140,60,2023-11-24,Pending,2021-06-22,"USCGC White, FPO AA 18684"
141,16,2020-08-03,Shipped,,"391 Misty Road Suite 258, Brianview, MN 40509"
142,48,2022-03-21,Cancelled,2023-12-31,"USNV Ross, FPO AE 12656"
143,95,2024-01-10,Pending,,"76123 Ramirez Turnpike Apt. 316, South Zacharyton, TN 27285"
144,50,2023-08-30,Pending,2020-11-01,"4757 Estes Union, Seanside, PA 56090"
145,69,2024-01-25,Pending,2023-09-25,"19652 Colleen Wall Apt. 780, Jesusburgh, IL 72408"
146,54,2021-03-23,Pending,2024-06-24,"156 Evans Plains, South Ashley, AZ 17387"
147,67,2020-07-26,Shipped,,"25624 Emily Brooks Suite 027, New Omarchester, MA 65251"
148,57,2021-01-02,Pending,,"89212 Randy Greens Suite 971, North Phillip, MI 88390"
149,31,2022-04-12,Shipped,2024-08-06,"39705 Jeff Lodge, Weaverview, TN 79211"
150,54,2020-02-10,Cancelled,2021-12-31,"9624 James Island Suite 767, North Timothy, NV 20643"
151,82,2021-05-22,Cancelled,2024-02-23,"628 Perez Junction, Novakhaven, IA 95305"
152,27,2023-12-10,Pending,,"03818 Burgess Ridge, Barkerport, MA 83055"
153,60,2024-07-12,Pending,2019-12-13,"99704 Donna Ville Suite 407, Port Billyland, MO 59528"
154,42,2023-07-11,Pending,2023-01-06,"252 Griffin Road, Luketown, NC 46876"
155,49,2023-04-30,Cancelled,2023-01-26,"327 Smith Trail, West Pamelastad, NE 20140"
156,52,2020-01-11,Cancelled,2019-11-16,"Unit 3479 Box 7676, DPO AP 83312"
157,68,2020-09-29,Cancelled,2020-02-17,"925 Hall Streets Apt. 670, Onealfurt, OR 71187"
158,72,2024-08-01,Shipped,,"171 Walker Bridge Suite 552, Khanland, MS 70815"
159,61,2019-12-31,Shipped,2022-05-25,"4607 Green Ranch, Loganview, ME 58210"
160,10,2020-06-18,Pending,2019-12-16,"28585 Foster Isle, West Garyhaven, TN 86922"
161,20,2024-05-23,Pending,2020-07-04,"74016 Megan Plaza, Lake Molly, VA 43603"
162,95,2024-06-28,Shipped,,"8490 Patel Groves Suite 772, Danielhaven, OH 61601"
163,28,2023-11-16,Cancelled,2022-04-25,"2165 Byrd Inlet, Timothymouth, KY 12620"
164,22,2024-04-22,Pending,2021-08-24,"19586 Douglas Coves Suite 644, East Billymouth, NC 07459"
165,17,2024-03-23,Shipped,,"139 Dominique Estates, New Heathershire, WI 12362"
166,31,2022-04-17,Cancelled,2021-07-02,"208 Daniels Terrace, North Keithtown, LA 70551"
167,19,2021-08-27,Shipped,2023-07-31,"32150 Marshall Cove Suite 527, South Kennethville, AZ 33285"
168,36,2024-02-15,Cancelled,,"USCGC Moore, FPO AE 25484"
169,56,2020-12-18,Shipped,,"68032 Megan Cliffs, North Jennifertown, KY 37658"
170,52,2022-01-07,Pending,2022-06-05,"476 Johnson Estate Suite 440, Jerrybury, CA 82586"
171,85,2021-01-18,Shipped,2020-11-08,"4616 Gail Dale, Manuelside, MO 68761"
172,63,2022-12-19,Cancelled,,"PSC 6105, Box 8487, APO AP 31253"
173,24,2021-09-04,Cancelled,,"84745 Stokes Park Suite 738, Kimton, OR 75170"
174,63,2020-03-20,Shipped,,"557 Stacy Crescent, Meganchester, ID 56586"
175,95,2022-01-17,Shipped,,"543 Michael Branch Suite 861, Juliachester, CO 57048"
176,84,2023-02-16,Cancelled,2024-04-03,"9075 Parrish Track, East Cory, NE 42280"
177,32,2024-04-10,Cancelled,,"99176 Vanessa Drive, Lake Robert, KS 61857"
178,59,2023-07-02,Pending,,"48550 Knight Ridge Suite 157, Wallsfort, ID 86118"
179,65,2019-12-10,Pending,,"4397 Emily Squares, Catherineside, CO 91006"
180,52,2023-12-05,Cancelled,2020-11-10,"389 Fisher Turnpike Suite 325, Pamelaville, ND 78169"
181,7,2020-04-10,Pending,2023-10-03,"0380 Montoya Mills Apt. 949, Diazburgh, NY 28229"
182,30,2020-01-16,Pending,,"20620 Bridget Roads, West Javier, CT 30090"
183,98,2023-04-08,Shipped,,"0840 Hamilton Lane, Susanmouth, MT 84516"
184,10,2022-03-10,Pending,2023-06-17,"600 Kelly Mill, Huffmanville, SC 81879"
185,98,2020-11-13,Cancelled,2023-07-15,"560 Reed Oval, West Jacob, ID 94012"
186,26,2021-06-29,Pending,,"40296 Anderson Spring Apt. 417, Alexandramouth, PA 55588"
187,56,2021-05-15,Shipped,2023-08-29,"633 Mercado Grove Suite 168, North Danielshire, NY 51385"
188,36,2020-07-10,Cancelled,,"54022 Aaron Island, Cruzberg, NE 36147"
189,25,2022-10-20,Pending,2022-08-03,"88360 Moreno Viaduct, East Spencerberg, ID 84100"
190,83,2022-08-01,Cancelled,,"6867 Gavin Wells, Samanthaland, IA 35101"
191,90,2024-07-05,Cancelled,2022-06-30,"577 Michelle Unions Suite 769, Lake Brandon, NJ 76916"
192,47,2022-06-30,Cancelled,2024-04-14,"Unit 5164 Box 3082, DPO AE 90415"
193,90,2020-10-08,Shipped,2021-01-26,"4350 Harper Harbor Apt. 800, Clarketown, AZ 35467"
194,33,2024-06-16,Shipped,,"7091 Tammy Key, Erinland, NM 07836"
195,86,2021-10-01,Shipped,,"12762 Fritz Forge, Wadeview, NM 07983"
196,54,2021-06-07,Shipped,,"0388 Clinton Ramp, Port Brandon, VT 93254"
197,15,2023-05-19,Pending,,"36930 Lindsey Glens, Riveraville, ID 51111"
198,49,2022-07-30,Shipped,,"8628 Deborah Street Apt. 064, South Nicoleborough, VT 64324"
199,3,2024-07-30,Pending,2024-06-25,"3220 Krueger Fields, North Anthonyhaven, FL 71764"
200,78,2023-06-09,Shipped,,"82632 Scott Motorway Suite 696, Sextonborough, DC 48567"
201,78,2023-07-26,Shipped,,"1609 Nancy Spurs, Harrisside, KY 38563"
202,18,2023-12-02,Pending,,"77812 Johnson Fort Apt. 159, Kristinamouth, AL 05090"
203,82,2019-10-25,Shipped,2019-09-26,"0756 Lindsey Canyon, East Debraport, KS 22264"
204,17,2023-05-26,Pending,,"023 Newman Islands Suite 316, Patrickton, MN 69710"
205,22,2023-02-03,Pending,,"Unit 4779 Box 0977, DPO AA 72318"
206,58,2022-12-05,Shipped,,"29537 Hayes Brook, New Kayla, KY 70687"
207,50,2022-06-24,Pending,,"USCGC Guerra, FPO AP 27938"
208,18,2020-01-04,Pending,2020-08-15,"37320 Jon Mills, Lake Taylorfort, MD 10990"
209,55,2020-04-08,Cancelled,,"247 Warren Crossing Apt. 881, Lisaside, AK 05632"
210,60,2020-09-15,Cancelled,2023-03-31,"6505 Taylor Shoal Apt. 272, Port Jacqueline, OK 18519"
211,99,2022-01-13,Shipped,,"240 Navarro Crossing, South Raymond, IN 72100"
212,82,2023-02-18,Shipped,,"9218 Santos Pike Suite 552, Loganbury, IA 81874"
213,56,2022-06-03,Cancelled,,"39427 Dean Trace Apt. 642, Lake Kentchester, DE 86684"
214,17,2020-10-18,Cancelled,2021-07-08,"474 Phillips Pike, Jenniferport, NM 20952"
215,91,2020-03-19,Pending,,"88389 Jenkins Terrace Apt. 166, South Sarah, MT 97528"
216,6,2021-05-08,Pending,2023-08-28,"PSC 7317, Box 9809, APO AA 73041"
217,46,2023-06-09,Pending,2022-03-31,"3535 Smith Mount Apt. 993, East Daniel, IL 11542"
218,3,2023-12-17,Cancelled,2021-01-14,"Unit 4474 Box 7314, DPO AP 53577"
219,39,2021-02-06,Shipped,,"05526 Jeffrey Walk, Fergusonfurt, TN 79099"
220,97,2020-05-02,Pending,,"60151 Lauren Place, Johnton, AL 97676"
221,40,2020-08-01,Cancelled,,"502 Joe Shoal, Johnfort, ID 10953"
222,24,2023-08-22,Cancelled,,"284 Robertson Parkway, Coryshire, FL 31630"
223,79,2020-09-28,Cancelled,,"5568 Julia Mission, Allisonton, CA 86185"
224,10,2019-11-25,Pending,,"683 Zavala View Suite 016, West Brittanyshire, NV 98861"
225,1,2021-12-31,Cancelled,2020-05-09,"069 Atkinson Villages Apt. 582, Austinville, ME 77074"
226,56,2020-06-14,Shipped,2024-02-26,"03275 Ramirez Road, New Bradley, DE 97815"
227,94,2021-10-14,Pending,,"1143 Murray Hills Suite 012, New Wendy, MN 88372"
228,37,2020-01-13,Cancelled,,"549 Kyle Grove, West Matthewview, KY 41589"
229,89,2021-02-14,Pending,,"USNV White, FPO AA 05273"
230,75,2022-01-28,Pending,2023-11-14,"836 Jose Locks, Martinezstad, CO 88161"
231,27,2022-04-22,Cancelled,,"753 Johnson Station Apt. 206, Smithbury, ME 59982"
232,81,2023-02-09,Cancelled,2021-01-27,"020 Michael Port, Bradshawmouth, RI 95958"
233,76,2022-02-19,Shipped,,"64120 Robert Ways, Barbaraview, IN 68370"
234,78,2023-03-26,Pending,2022-09-02,"1893 Fields Trail Apt. 606, Alexisborough, TX 66381"
235,46,2022-01-09,Cancelled,,"778 Annette Stravenue, Kathleenmouth, OR 40928"
236,75,2023-10-10,Shipped,,"288 Thomas Roads, Bryantland, PA 62883"
237,15,2022-11-11,Shipped,2023-04-17,"920 Walker River Suite 438, South Marthachester, MD 06643"
238,32,2023-04-08,Shipped,,"30665 Chavez Village, East Stevenborough, CO 69639"
239,42,2021-04-06,Cancelled,2021-12-07,"8909 Robinson Crossroad Apt. 079, South Michaelfort, NV 64030"
240,67,2019-11-25,Shipped,,"49168 Blake Rapids, Barronland, KS 83696"
241,48,2019-12-16,Shipped,2020-10-07,"65365 Walker Walks Apt. 114, Robertchester, ID 08452"
242,33,2021-08-31,Shipped,,"124 Espinoza Keys Apt. 999, Morganhaven, WA 63742"
243,70,2022-05-04,Shipped,2023-11-28,"4454 Michael Wall Suite 178, Emilyview, FL 37248"
244,34,2022-11-05,Shipped,,"980 Robert Cove Suite 748, New Christinehaven, KS 01745"
245,12,2023-05-22,Shipped,2023-07-28,"5509 Ryan Ports, New Kyle, TN 43773"
246,93,2022-11-17,Cancelled,,"3866 Duncan Pine, West Jayland, KS 86455"
247,79,2022-07-21,Shipped,2021-11-01,"9973 Peter Shores Suite 041, Mendezmouth, NC 44742"
248,26,2023-02-17,Cancelled,2023-09-11,"37824 Shannon Causeway, East Tracy, WA 62170"
249,72,2022-01-26,Pending,,"21431 Jennifer Manors Suite 469, Howardbury, MN 41208"
250,76,2024-07-17,Cancelled,,"180 Jamie Light, Prestonberg, MT 13983"
251,79,2022-09-01,Shipped,,"1860 Patrick Highway Suite 964, Wrightport, WV 09158"
252,46,2024-08-24,Pending,2024-06-19,"50444 Kylie Roads Suite 838, Lake Phillipbury, WY 27047"
253,100,2019-10-03,Shipped,2019-10-27,"USS Carroll, FPO AP 30137"
254,68,2023-12-07,Cancelled,2019-09-30,"628 Mills Spur, South Courtneybury, NJ 88911"
255,62,2023-04-23,Shipped,,"59110 Mary Stravenue Suite 446, Johnsonfort, ME 38448"
256,22,2023-08-25,Shipped,,"32221 Michael Station Suite 362, Connorberg, IN 46222"
257,22,2020-02-29,Cancelled,,"338 Roberta Islands Suite 117, Whiteton, KY 77850"
258,99,2024-01-22,Pending,2019-12-28,"26570 Williams Manors Apt. 392, Lake Samuelfort, NE 35292"
259,74,2020-01-17,Pending,,"59837 Theresa Crescent Suite 086, South Ericview, WI 73618"
260,25,2019-11-25,Pending,,"7011 Jennifer Field, Williamsstad, CA 20960"
261,83,2023-11-14,Pending,,"0261 Teresa Drive Apt. 101, North Rebecca, CO 73703"
262,1,2020-05-26,Shipped,,"72737 Susan Heights Suite 136, North Jordan, NY 65435"
263,1,2023-09-07,Pending,2022-10-21,"USNS Prince, FPO AA 47423"
264,70,2023-04-09,Pending,,"924 Maldonado Bypass, Stevenston, TX 54558"
265,88,2021-07-10,Cancelled,,"USS Brown, FPO AE 03206"
266,44,2022-06-03,Shipped,,"738 Gay Radial, North Mitchellland, KY 78794"
267,95,2020-01-21,Cancelled,,"13543 Smith Mountain, North Beverly, CA 36999"
268,89,2021-07-27,Pending,2023-10-03,"5004 Jacobs Flat Suite 717, Jasminebury, MS 49591"
269,8,2021-04-12,Cancelled,,"42760 Sandra Walks, Port Michaelberg, OH 24859"
270,99,2023-03-05,Shipped,,"000 Schwartz Turnpike, Smithville, ND 90590"
271,19,2022-08-23,Shipped,2020-12-02,"6538 Parsons Manors, Lake Erik, AZ 12087"
272,95,2020-01-20,Pending,2023-01-04,"62886 Shawn Gardens Apt. 438, New Thomas, SC 84885"
273,31,2021-10-24,Pending,,"8697 Harrison Flat, North Emily, PA 90500"
274,85,2022-09-06,Cancelled,,"12672 Theresa Coves Suite 015, Wesleyside, RI 59922"
275,62,2021-04-02,Cancelled,2021-03-04,"77267 Lisa Burgs Suite 266, Elliottfurt, UT 80948"
276,70,2020-03-14,Cancelled,,"590 Morales Road, Lake Edwardfurt, NV 76850"
277,26,2021-10-06,Cancelled,,"83163 Brown Meadows Apt. 927, Toddside, FL 08501"
278,7,2020-05-19,Shipped,,"222 Smith Land, New Daisychester, WV 06203"
279,87,2022-09-24,Shipped,,"125 Katelyn Drives, North Kyle, ID 22203"
280,83,2021-05-18,Pending,,"USNV Chavez, FPO AA 34779"
281,64,2019-12-13,Shipped,,"07841 Jacqueline Orchard Suite 552, Prestonmouth, OK 02645"
282,97,2020-08-03,Shipped,,"517 Yoder Locks Apt. 125, Lake Gerald, WI 25816"
283,10,2021-01-09,Cancelled,,"611 Day Harbors, Port Michaelton, MS 49613"
284,45,2022-02-19,Shipped,,"USNS Allen, FPO AE 47642"
285,85,2020-05-29,Shipped,,"8659 Ryan Terrace Suite 388, South Shannon, ME 93098"
286,31,2020-09-18,Pending,,"2370 Mcdonald Common Apt. 249, Lake Michael, PA 58888"
287,7,2020-06-20,Cancelled,,"0203 Gonzales Mountain Apt. 943, Lake Emily, GA 33078"
288,37,2021-06-04,Shipped,,"4819 William Pine Apt. 385, West Carly, CO 88325"
289,31,2023-10-23,Pending,,"8202 Katrina Spring Suite 448, Spencerhaven, AZ 46106"
290,88,2024-07-05,Cancelled,,"885 Jason Summit, East Tinashire, RI 12596"
291,46,2021-05-27,Pending,,"018 Watts Skyway, Kimburgh, ND 63568"
292,33,2022-04-04,Cancelled,,"6672 Tristan Stream, Barkerfurt, NJ 78812"
293,30,2021-10-08,Shipped,2020-08-23,"23891 Lisa Crest, Whiteport, DE 67742"
294,4,2021-07-11,Shipped,2021-03-17,"8302 Russo Falls Suite 406, East Natasha, OK 71961"
295,34,2019-09-09,Pending,2021-10-08,"950 Scott Lake, West Kevin, ME 41360"
296,29,2023-11-15,Pending,2020-12-05,"PSC 3925, Box 6044, APO AE 25701"
297,2,2023-12-22,Shipped,2024-02-24,"17639 Gabriel Shoals Apt. 770, Port Jeromestad, IA 36706"
298,17,2023-06-11,Shipped,,"631 James Views, Port Patrick, CT 73151"
299,44,2022-05-20,Cancelled,2023-05-02,"0121 White Mill, Lake Matthew, DC 37745"
300,70,2020-11-18,Shipped,,"76444 David Light Apt. 127, Bishopchester, AK 15918"
